SadOkregowy,SadApelacyjny,SadRejonowy
Sąd Okręgowy w Suwałkach,Izba Komornicza w Białymstoku,Sąd Rejonowy w Augustowie
Sąd Okręgowy w Suwałkach,Izba Komornicza w Białymstoku,Sąd Rejonowy w Suwałkach
Sąd Okręgowy w Olsztynie,Izba Komornicza w Białymstoku,Sąd Rejonowy w Bartoszycach
Sąd Okręgowy w Olsztynie,Izba Komornicza w Białymstoku,Sąd Rejonowy w Biskupcu
Sąd Okręgowy w Olsztynie,Izba Komornicza w Białymstoku,Sąd Rejonowy w Ełku
Sąd Okręgowy w Olsztynie,Izba Komornicza w Białymstoku,Sąd Rejonowy w Giżycku
Sąd Okręgowy w Olsztynie,Izba Komornicza w Białymstoku,Sąd Rejonowy w Kętrzynie
Sąd Okręgowy w Olsztynie,Izba Komornicza w Białymstoku,Sąd Rejonowy w Lidzbarku Warmińskim
Sąd Okręgowy w Olsztynie,Izba Komornicza w Białymstoku,Sąd Rejonowy w Mrągowie
Sąd Okręgowy w Olsztynie,Izba Komornicza w Białymstoku,Sąd Rejonowy w Nidzicy
Sąd Okręgowy w Olsztynie,Izba Komornicza w Białymstoku,Sąd Rejonowy w Olecku
Sąd Okręgowy w Olsztynie,Izba Komornicza w Białymstoku,Sąd Rejonowy w Olsztynie
Sąd Okręgowy w Olsztynie,Izba Komornicza w Białymstoku,Sąd Rejonowy w Piszu
Sąd Okręgowy w Olsztynie,Izba Komornicza w Białymstoku,Sąd Rejonowy w Szczytnie
Sąd Okręgowy w Białymstoku,Izba Komornicza w Białymstoku,Sąd Rejonowy w Białymstoku
Sąd Okręgowy w Białymstoku,Izba Komornicza w Białymstoku,Sąd Rejonowy w Bielsku Podlaskim
Sąd Okręgowy w Białymstoku,Izba Komornicza w Białymstoku,Sąd Rejonowy w Sokółce
Sąd Okręgowy w Łomży,Izba Komornicza w Białymstoku,Sąd Rejonowy w Grajewie
Sąd Okręgowy w Łomży,Izba Komornicza w Białymstoku,Sąd Rejonowy w Łomży
Sąd Okręgowy w Łomży,Izba Komornicza w Białymstoku,Sąd Rejonowy w Wysokiem Mazowieckiem
Sąd Okręgowy w Łomży,Izba Komornicza w Białymstoku,Sąd Rejonowy w Zambrowie
Sąd Okręgowy w Ostrołęce,Izba Komornicza w Białymstoku,Sąd Rejonowy w Ostrołęce
Sąd Okręgowy w Ostrołęce,Izba Komornicza w Białymstoku,Sąd Rejonowy w Ostrowi Mazowieckiej
Sąd Okręgowy w Ostrołęce,Izba Komornicza w Białymstoku,Sąd Rejonowy w Przasnyszu
Sąd Okręgowy w Ostrołęce,Izba Komornicza w Białymstoku,Sąd Rejonowy w Pułtusku
Sąd Okręgowy w Ostrołęce,Izba Komornicza w Białymstoku,Sąd Rejonowy w Wyszkowie
Sąd Okręgowy w Gdańsku,Izba Komornicza w Gdańsku,Sąd Rejonowy  Gdańsk-Południe w Gdańsku
Sąd Okręgowy w Gdańsku,Izba Komornicza w Gdańsku,Sąd Rejonowy  Gdańsk-Północ w Gdańsku
Sąd Okręgowy w Gdańsku,Izba Komornicza w Gdańsku,Sąd Rejonowy w Gdyni
Sąd Okręgowy w Gdańsku,Izba Komornicza w Gdańsku,Sąd Rejonowy w Kartuzach
Sąd Okręgowy w Gdańsku,Izba Komornicza w Gdańsku,Sąd Rejonowy w Kościerzynie
Sąd Okręgowy w Gdańsku,Izba Komornicza w Gdańsku,Sąd Rejonowy w Kwidzynie
Sąd Okręgowy w Gdańsku,Izba Komornicza w Gdańsku,Sąd Rejonowy w Malborku
Sąd Okręgowy w Gdańsku,Izba Komornicza w Gdańsku,Sąd Rejonowy w Sopocie
Sąd Okręgowy w Gdańsku,Izba Komornicza w Gdańsku,Sąd Rejonowy w Starogardzie Gdańskim
Sąd Okręgowy w Gdańsku,Izba Komornicza w Gdańsku,Sąd Rejonowy w Tczewie
Sąd Okręgowy w Gdańsku,Izba Komornicza w Gdańsku,Sąd Rejonowy w Wejherowie
Sąd Okręgowy we Włocławku,Izba Komornicza w Gdańsku,Sąd Rejonowy w Aleksandrowie Kujawskim
Sąd Okręgowy we Włocławku,Izba Komornicza w Gdańsku,Sąd Rejonowy w Lipnie
Sąd Okręgowy we Włocławku,Izba Komornicza w Gdańsku,Sąd Rejonowy w Radziejowie
Sąd Okręgowy we Włocławku,Izba Komornicza w Gdańsku,Sąd Rejonowy w Rypinie
Sąd Okręgowy we Włocławku,Izba Komornicza w Gdańsku,Sąd Rejonowy we Włocławku
Sąd Okręgowy w Elblągu,Izba Komornicza w Gdańsku,Sąd Rejonowy w Braniewie
Sąd Okręgowy w Elblągu,Izba Komornicza w Gdańsku,Sąd Rejonowy w Działdowie
Sąd Okręgowy w Elblągu,Izba Komornicza w Gdańsku,Sąd Rejonowy w Elblągu
Sąd Okręgowy w Elblągu,Izba Komornicza w Gdańsku,Sąd Rejonowy w Iławie
Sąd Okręgowy w Elblągu,Izba Komornicza w Gdańsku,Sąd Rejonowy w Nowym Mieście Lubawskim
Sąd Okręgowy w Elblągu,Izba Komornicza w Gdańsku,Sąd Rejonowy w Ostródzie
Sąd Okręgowy w Toruniu,Izba Komornicza w Gdańsku,Sąd Rejonowy w Brodnicy
Sąd Okręgowy w Toruniu,Izba Komornicza w Gdańsku,Sąd Rejonowy w Chełmnie
Sąd Okręgowy w Toruniu,Izba Komornicza w Gdańsku,Sąd Rejonowy w Golubiu-Dobrzyniu
Sąd Okręgowy w Toruniu,Izba Komornicza w Gdańsku,Sąd Rejonowy w Grudziądzu
Sąd Okręgowy w Toruniu,Izba Komornicza w Gdańsku,Sąd Rejonowy w Toruniu
Sąd Okręgowy w Toruniu,Izba Komornicza w Gdańsku,Sąd Rejonowy w Wąbrzeźnie
Sąd Okręgowy w Bydgoszczy,Izba Komornicza w Gdańsku,Sąd Rejonowy w Bydgoszczy
Sąd Okręgowy w Bydgoszczy,Izba Komornicza w Gdańsku,Sąd Rejonowy w Inowrocławiu
Sąd Okręgowy w Bydgoszczy,Izba Komornicza w Gdańsku,Sąd Rejonowy w Mogilnie
Sąd Okręgowy w Bydgoszczy,Izba Komornicza w Gdańsku,Sąd Rejonowy w Nakle nad Notecią
Sąd Okręgowy w Bydgoszczy,Izba Komornicza w Gdańsku,Sąd Rejonowy w Szubinie
Sąd Okręgowy w Bydgoszczy,Izba Komornicza w Gdańsku,Sąd Rejonowy w Świeciu
Sąd Okręgowy w Bydgoszczy,Izba Komornicza w Gdańsku,Sąd Rejonowy w Tucholi
Sąd Okręgowy w Bydgoszczy,Izba Komornicza w Gdańsku,Sąd Rejonowy w Żninie
Sąd Okręgowy w Słupsku,Izba Komornicza w Gdańsku,Sąd Rejonowy w Bytowie
Sąd Okręgowy w Słupsku,Izba Komornicza w Gdańsku,Sąd Rejonowy w Chojnicach
Sąd Okręgowy w Słupsku,Izba Komornicza w Gdańsku,Sąd Rejonowy w Człuchowie
Sąd Okręgowy w Słupsku,Izba Komornicza w Gdańsku,Sąd Rejonowy w Lęborku
Sąd Okręgowy w Słupsku,Izba Komornicza w Gdańsku,Sąd Rejonowy w Miastku
Sąd Okręgowy w Słupsku,Izba Komornicza w Gdańsku,Sąd Rejonowy w Słupsku
Sąd Okręgowy w Katowicach,Izba Komornicza w Katowicach,Sąd Rejonowy  Katowice-Wschód w Katowicach
Sąd Okręgowy w Katowicach,Izba Komornicza w Katowicach,Sąd Rejonowy  Katowice-Zachód w Katowicach
Sąd Okręgowy w Katowicach,Izba Komornicza w Katowicach,Sąd Rejonowy w Bytomiu
Sąd Okręgowy w Katowicach,Izba Komornicza w Katowicach,Sąd Rejonowy w Chorzowie
Sąd Okręgowy w Katowicach,Izba Komornicza w Katowicach,Sąd Rejonowy w Mikołowie
Sąd Okręgowy w Katowicach,Izba Komornicza w Katowicach,Sąd Rejonowy w Mysłowicach
Sąd Okręgowy w Katowicach,Izba Komornicza w Katowicach,Sąd Rejonowy w Pszczynie
Sąd Okręgowy w Katowicach,Izba Komornicza w Katowicach,Sąd Rejonowy w Siemianowicach Śląskich
Sąd Okręgowy w Katowicach,Izba Komornicza w Katowicach,Sąd Rejonowy w Tychach
Sąd Okręgowy w Sosnowcu,Izba Komornicza w Katowicach,Sąd Rejonowy w Będzinie
Sąd Okręgowy w Sosnowcu,Izba Komornicza w Katowicach,Sąd Rejonowy w Dąbrowie Górniczej
Sąd Okręgowy w Sosnowcu,Izba Komornicza w Katowicach,Sąd Rejonowy w Jaworznie
Sąd Okręgowy w Sosnowcu,Izba Komornicza w Katowicach,Sąd Rejonowy w Sosnowcu
Sąd Okręgowy w Sosnowcu,Izba Komornicza w Katowicach,Sąd Rejonowy w Zawierciu
Sąd Okręgowy w Bielsku-Białej,Izba Komornicza w Katowicach,Sąd Rejonowy w Bielsku - Białej
Sąd Okręgowy w Bielsku-Białej,Izba Komornicza w Katowicach,Sąd Rejonowy w Cieszynie
Sąd Okręgowy w Bielsku-Białej,Izba Komornicza w Katowicach,Sąd Rejonowy w Żywcu
Sąd Okręgowy w Częstochowie,Izba Komornicza w Katowicach,Sąd Rejonowy w Częstochowie
Sąd Okręgowy w Częstochowie,Izba Komornicza w Katowicach,Sąd Rejonowy w Lublińcu
Sąd Okręgowy w Częstochowie,Izba Komornicza w Katowicach,Sąd Rejonowy w Myszkowie
Sąd Okręgowy w Gliwicach,Izba Komornicza w Katowicach,Sąd Rejonowy w Gliwicach
Sąd Okręgowy w Gliwicach,Izba Komornicza w Katowicach,Sąd Rejonowy w Rudzie Śląskiej
Sąd Okręgowy w Gliwicach,Izba Komornicza w Katowicach,Sąd Rejonowy w Tarnowskich Górach
Sąd Okręgowy w Gliwicach,Izba Komornicza w Katowicach,Sąd Rejonowy w Zabrzu
Sąd Okręgowy w Rybniku,Izba Komornicza w Katowicach,Sąd Rejonowy w Jastrzębiu Zdroju
Sąd Okręgowy w Rybniku,Izba Komornicza w Katowicach,Sąd Rejonowy w Raciborzu
Sąd Okręgowy w Rybniku,Izba Komornicza w Katowicach,Sąd Rejonowy w Rybniku
Sąd Okręgowy w Rybniku,Izba Komornicza w Katowicach,Sąd Rejonowy w Wodzisławiu Śląskim
Sąd Okręgowy w Rybniku,Izba Komornicza w Katowicach,Sąd Rejonowy w Żorach
Sąd Okręgowy w Tarnowie,Izba Komornicza w Krakowie,Sąd Rejonowy w Bochni
Sąd Okręgowy w Tarnowie,Izba Komornicza w Krakowie,Sąd Rejonowy w Brzesku
Sąd Okręgowy w Tarnowie,Izba Komornicza w Krakowie,Sąd Rejonowy w Dąbrowie Tarnowskiej
Sąd Okręgowy w Tarnowie,Izba Komornicza w Krakowie,Sąd Rejonowy w Tarnowie
Sąd Okręgowy w Krakowie,Izba Komornicza w Krakowie,Sąd Rejonowy w Suchej Beskidzkiej
Sąd Okręgowy w Krakowie,Izba Komornicza w Krakowie,Sąd Rejonowy w Chrzanowie
Sąd Okręgowy w Krakowie,Izba Komornicza w Krakowie,Sąd Rejonowy dla Krakowa - Krowodrzy w Krakowie
Sąd Okręgowy w Krakowie,Izba Komornicza w Krakowie,Sąd Rejonowy dla Krakowa - Nowej Huty w Krakowie
Sąd Okręgowy w Krakowie,Izba Komornicza w Krakowie,Sąd Rejonowy dla Krakowa - Podgórza w Krakowie
Sąd Okręgowy w Krakowie,Izba Komornicza w Krakowie,Sąd Rejonowy dla Krakowa - Śródmieścia w Krakowie
Sąd Okręgowy w Krakowie,Izba Komornicza w Krakowie,Sąd Rejonowy w Miechowie
Sąd Okręgowy w Krakowie,Izba Komornicza w Krakowie,Sąd Rejonowy w Myślenicach
Sąd Okręgowy w Krakowie,Izba Komornicza w Krakowie,Sąd Rejonowy w Olkuszu
Sąd Okręgowy w Krakowie,Izba Komornicza w Krakowie,Sąd Rejonowy w Oświęcimiu
Sąd Okręgowy w Krakowie,Izba Komornicza w Krakowie,Sąd Rejonowy w Wadowicach
Sąd Okręgowy w Krakowie,Izba Komornicza w Krakowie,Sąd Rejonowy w Wieliczce
Sąd Okręgowy w Kielcach,Izba Komornicza w Krakowie,Sąd Rejonowy w Busku - Zdroju
Sąd Okręgowy w Kielcach,Izba Komornicza w Krakowie,Sąd Rejonowy w Jędrzejowie
Sąd Okręgowy w Kielcach,Izba Komornicza w Krakowie,Sąd Rejonowy w Kielcach
Sąd Okręgowy w Kielcach,Izba Komornicza w Krakowie,Sąd Rejonowy w Końskich
Sąd Okręgowy w Kielcach,Izba Komornicza w Krakowie,Sąd Rejonowy w Opatowie
Sąd Okręgowy w Kielcach,Izba Komornicza w Krakowie,Sąd Rejonowy w Ostrowcu Świętokrzyskim
Sąd Okręgowy w Kielcach,Izba Komornicza w Krakowie,Sąd Rejonowy w Pińczowie
Sąd Okręgowy w Kielcach,Izba Komornicza w Krakowie,Sąd Rejonowy w Sandomierzu
Sąd Okręgowy w Kielcach,Izba Komornicza w Krakowie,Sąd Rejonowy w Skarżysku - Kamiennej
Sąd Okręgowy w Kielcach,Izba Komornicza w Krakowie,Sąd Rejonowy w Starachowicach
Sąd Okręgowy w Kielcach,Izba Komornicza w Krakowie,Sąd Rejonowy w Staszowie
Sąd Okręgowy w Kielcach,Izba Komornicza w Krakowie,Sąd Rejonowy we Włoszczowie
Sąd Okręgowy w Nowym Sączu,Izba Komornicza w Krakowie,Sąd Rejonowy w Gorlicach
Sąd Okręgowy w Nowym Sączu,Izba Komornicza w Krakowie,Sąd Rejonowy w Limanowej
Sąd Okręgowy w Nowym Sączu,Izba Komornicza w Krakowie,Sąd Rejonowy w Nowym Sączu
Sąd Okręgowy w Nowym Sączu,Izba Komornicza w Krakowie,Sąd Rejonowy w Nowym Targu
Sąd Okręgowy w Nowym Sączu,Izba Komornicza w Krakowie,Sąd Rejonowy w Zakopanem
Sąd Okręgowy w Lublinie,Izba Komornicza w Lublinie,Sąd Rejonowy  Lublin-Wschód w Lublinie
Sąd Okręgowy w Lublinie,Izba Komornicza w Lublinie,Sąd Rejonowy  Lublin-Zachód w Lublinie
Sąd Okręgowy w Lublinie,Izba Komornicza w Lublinie,Sąd Rejonowy w Białej Podlaskiej
Sąd Okręgowy w Lublinie,Izba Komornicza w Lublinie,Sąd Rejonowy w Chełmie
Sąd Okręgowy w Lublinie,Izba Komornicza w Lublinie,Sąd Rejonowy w Kraśniku
Sąd Okręgowy w Lublinie,Izba Komornicza w Lublinie,Sąd Rejonowy w Lubartowie
Sąd Okręgowy w Lublinie,Izba Komornicza w Lublinie,Sąd Rejonowy w Łukowie
Sąd Okręgowy w Lublinie,Izba Komornicza w Lublinie,Sąd Rejonowy w Opolu Lubelskim
Sąd Okręgowy w Lublinie,Izba Komornicza w Lublinie,Sąd Rejonowy w Puławach
Sąd Okręgowy w Lublinie,Izba Komornicza w Lublinie,Sąd Rejonowy w Radzyniu Podlaskim
Sąd Okręgowy w Lublinie,Izba Komornicza w Lublinie,Sąd Rejonowy w Rykach
Sąd Okręgowy w Lublinie,Izba Komornicza w Lublinie,Sąd Rejonowy we Włodawie
Sąd Okręgowy w Zamościu,Izba Komornicza w Lublinie,Sąd Rejonowy w Biłgoraju
Sąd Okręgowy w Zamościu,Izba Komornicza w Lublinie,Sąd Rejonowy w Hrubieszowie
Sąd Okręgowy w Zamościu,Izba Komornicza w Lublinie,Sąd Rejonowy w Janowie Lubelskim
Sąd Okręgowy w Zamościu,Izba Komornicza w Lublinie,Sąd Rejonowy w Krasnymstawie
Sąd Okręgowy w Zamościu,Izba Komornicza w Lublinie,Sąd Rejonowy w Tomaszowie Lubelskim
Sąd Okręgowy w Zamościu,Izba Komornicza w Lublinie,Sąd Rejonowy w Zamościu
Sąd Okręgowy w Siedlcach,Izba Komornicza w Lublinie,Sąd Rejonowy w Garwolinie
Sąd Okręgowy w Siedlcach,Izba Komornicza w Lublinie,Sąd Rejonowy w Mińsku Mazowieckim
Sąd Okręgowy w Siedlcach,Izba Komornicza w Lublinie,Sąd Rejonowy w Siedlcach
Sąd Okręgowy w Siedlcach,Izba Komornicza w Lublinie,Sąd Rejonowy w Sokołowie Podlaskim
Sąd Okręgowy w Siedlcach,Izba Komornicza w Lublinie,Sąd Rejonowy w Węgrowie
Sąd Okręgowy w Radomiu,Izba Komornicza w Lublinie,Sąd Rejonowy w Grójcu
Sąd Okręgowy w Radomiu,Izba Komornicza w Lublinie,Sąd Rejonowy w Kozienicach
Sąd Okręgowy w Radomiu,Izba Komornicza w Lublinie,Sąd Rejonowy w Lipsku
Sąd Okręgowy w Radomiu,Izba Komornicza w Lublinie,Sąd Rejonowy w Przysusze
Sąd Okręgowy w Radomiu,Izba Komornicza w Lublinie,Sąd Rejonowy w Radomiu
Sąd Okręgowy w Radomiu,Izba Komornicza w Lublinie,Sąd Rejonowy w Szydłowcu
Sąd Okręgowy w Radomiu,Izba Komornicza w Lublinie,Sąd Rejonowy w Zwoleniu
